2023-09-04 09:37:57.269438,-34.564203,-58.48763710000001,-34.563106,-58.4852702,241,'/home/roni/images/route-4fe8bae2-fd94-441c-b610-96ca23592f82-1.jpg','/home/roni/images/snap-4fe8bae2-fd94-441c-b610-96ca23592f82-1.jpg','clear sky'
2023-09-04 09:38:21.167522,-34.563106,-58.4852702,-34.577173,-58.4726303,1948,'/home/roni/images/route-4fe8bae2-fd94-441c-b610-96ca23592f82-2.jpg','/home/roni/images/snap-4fe8bae2-fd94-441c-b610-96ca23592f82-2.jpg','clear sky'
2023-09-04 09:38:45.227776,-34.577173,-58.4726303,-34.5769136,-58.4721958,58,'/home/roni/images/route-4fe8bae2-fd94-441c-b610-96ca23592f82-3.jpg','/home/roni/images/snap-4fe8bae2-fd94-441c-b610-96ca23592f82-3.jpg','clear sky'
2023-09-04 10:05:19.715816,-34.5769136,-58.4721958,-34.5700741,-58.4597658,1357,'/home/roni/images/route-84abd992-b710-4f6b-8ffd-e0f818dd97f4-1.jpg','/home/roni/images/snap-84abd992-b710-4f6b-8ffd-e0f818dd97f4-1.jpg','overcast clouds'
2023-09-04 10:05:41.849243,-34.5700741,-58.4597658,-34.5749582,-58.4505018,1028,'/home/roni/images/route-84abd992-b710-4f6b-8ffd-e0f818dd97f4-2.jpg','/home/roni/images/snap-84abd992-b710-4f6b-8ffd-e0f818dd97f4-2.jpg','overcast clouds'
2023-09-04 10:06:06.814220,-34.5749582,-58.4505018,-34.574763,-58.4503962,30,'/home/roni/images/route-84abd992-b710-4f6b-8ffd-e0f818dd97f4-3.jpg','/home/roni/images/snap-84abd992-b710-4f6b-8ffd-e0f818dd97f4-3.jpg','overcast clouds'
2023-09-04 10:09:52.620660,-34.574763,-58.4503962,-34.57988479999999,-58.45319259999999,615,'/home/roni/images/route-60409955-d9fc-4ade-be9d-f0a40b259635-1.jpg','/home/roni/images/snap-60409955-d9fc-4ade-be9d-f0a40b259635-1.jpg','overcast clouds'
2023-09-04 10:10:15.651949,-34.57988479999999,-58.45319259999999,-34.5801607,-58.45234540000001,81,'/home/roni/images/route-60409955-d9fc-4ade-be9d-f0a40b259635-2.jpg','/home/roni/images/snap-60409955-d9fc-4ade-be9d-f0a40b259635-2.jpg','overcast clouds'
2023-09-04 10:10:39.078286,-34.5801607,-58.45234540000001,-34.5842206,-58.4549724,517,'/home/roni/images/route-60409955-d9fc-4ade-be9d-f0a40b259635-3.jpg','/home/roni/images/snap-60409955-d9fc-4ade-be9d-f0a40b259635-3.jpg','overcast clouds'
2023-09-04 10:11:04.183137,-34.5842206,-58.4549724,-34.5871614,-58.45232579999999,400,'/home/roni/images/route-60409955-d9fc-4ade-be9d-f0a40b259635-4.jpg','/home/roni/images/snap-60409955-d9fc-4ade-be9d-f0a40b259635-4.jpg','overcast clouds'
2023-09-04 10:11:29.230924,-34.5871614,-58.45232579999999,-34.5881087,-58.4528145,124,'/home/roni/images/route-60409955-d9fc-4ade-be9d-f0a40b259635-5.jpg','/home/roni/images/snap-60409955-d9fc-4ade-be9d-f0a40b259635-5.jpg','overcast clouds'
2023-09-04 10:11:54.874397,-34.5881087,-58.4528145,-34.5881725,-58.45263139999999,11,'/home/roni/images/route-60409955-d9fc-4ade-be9d-f0a40b259635-6.jpg','/home/roni/images/snap-60409955-d9fc-4ade-be9d-f0a40b259635-6.jpg','overcast clouds'
2023-09-04 10:12:18.399252,-34.5881725,-58.45263139999999,-34.588732,-58.4528387,69,'/home/roni/images/route-60409955-d9fc-4ade-be9d-f0a40b259635-7.jpg','/home/roni/images/snap-60409955-d9fc-4ade-be9d-f0a40b259635-7.jpg','overcast clouds'
2023-09-04 10:12:42.224529,-34.588732,-58.4528387,-34.5888249,-58.4528067,12,'/home/roni/images/route-60409955-d9fc-4ade-be9d-f0a40b259635-8.jpg','/home/roni/images/snap-60409955-d9fc-4ade-be9d-f0a40b259635-8.jpg','overcast clouds'
2023-09-04 10:13:07.400257,-34.5888249,-58.4528067,-34.589117,-58.4524036,49,'/home/roni/images/route-60409955-d9fc-4ade-be9d-f0a40b259635-9.jpg','/home/roni/images/snap-60409955-d9fc-4ade-be9d-f0a40b259635-9.jpg','overcast clouds'
2023-09-04 10:13:30.766490,-34.589117,-58.4524036,-34.5900807,-58.45244839999999,116,'/home/roni/images/route-60409955-d9fc-4ade-be9d-f0a40b259635-10.jpg','/home/roni/images/snap-60409955-d9fc-4ade-be9d-f0a40b259635-10.jpg','overcast clouds'
2023-09-04 10:13:53.667281,-34.5900807,-58.45244839999999,-34.5899706,-58.45260010000001,16,'/home/roni/images/route-60409955-d9fc-4ade-be9d-f0a40b259635-11.jpg','/home/roni/images/snap-60409955-d9fc-4ade-be9d-f0a40b259635-11.jpg','overcast clouds'
2023-09-04 10:14:16.358106,-34.5899706,-58.45260010000001,-34.5931205,-58.4559432,466,'/home/roni/images/route-60409955-d9fc-4ade-be9d-f0a40b259635-12.jpg','/home/roni/images/snap-60409955-d9fc-4ade-be9d-f0a40b259635-12.jpg','clear sky'
2023-09-04 10:14:38.681566,-34.5931205,-58.4559432,-34.5930225,-58.4560958,22,'/home/roni/images/route-60409955-d9fc-4ade-be9d-f0a40b259635-13.jpg','/home/roni/images/snap-60409955-d9fc-4ade-be9d-f0a40b259635-13.jpg','clear sky'
2023-09-04 10:15:02.244761,-34.5930225,-58.4560958,-34.5920514,-58.45624240000001,110,'/home/roni/images/route-60409955-d9fc-4ade-be9d-f0a40b259635-14.jpg','/home/roni/images/snap-60409955-d9fc-4ade-be9d-f0a40b259635-14.jpg','clear sky'
2023-09-04 10:55:38.686075,-34.5920514,-58.45624240000001,-34.592955,-58.45618630000001,110,'/home/roni/images/route-a4b5f6d4-6b74-483d-900e-922e67df203a-1.jpg','/home/roni/images/snap-a4b5f6d4-6b74-483d-900e-922e67df203a-1.jpg','clear sky','Av. Jorge Newbery 4588, C1427EGY CABA, Argentina'
2023-09-04 10:56:06.790444,-34.592955,-58.45618630000001,-34.5931862,-58.4557004,49,'/home/roni/images/route-a4b5f6d4-6b74-483d-900e-922e67df203a-2.jpg','/home/roni/images/snap-a4b5f6d4-6b74-483d-900e-922e67df203a-2.jpg','clear sky','Av. Jorge Newbery 4588, C1427EGY CABA, Argentina'
2023-09-04 10:56:28.899070,-34.5931862,-58.4557004,-34.5926647,-58.45515200000001,99,'/home/roni/images/route-a4b5f6d4-6b74-483d-900e-922e67df203a-3.jpg','/home/roni/images/snap-a4b5f6d4-6b74-483d-900e-922e67df203a-3.jpg','clear sky','4510 Newbery Jorge Av., Buenos Aires, Argentina'
2023-09-04 10:56:51.097059,-34.5926647,-58.45515200000001,-34.5952188,-58.4518758,417,'/home/roni/images/route-a4b5f6d4-6b74-483d-900e-922e67df203a-4.jpg','/home/roni/images/snap-a4b5f6d4-6b74-483d-900e-922e67df203a-4.jpg','clear sky','Iturri 10c, Buenos Aires, Argentina'
2023-09-04 10:57:14.256987,-34.5952188,-58.4518758,-34.6013631,-58.4449333,912,'/home/roni/images/route-a4b5f6d4-6b74-483d-900e-922e67df203a-5.jpg','/home/roni/images/snap-a4b5f6d4-6b74-483d-900e-922e67df203a-5.jpg','clear sky','Av. Warnes 616, C1414 CABA, Argentina'
2023-09-04 10:57:35.884610,-34.6013631,-58.4449333,-34.605144,-58.4411577,562,'/home/roni/images/route-a4b5f6d4-6b74-483d-900e-922e67df203a-6.jpg','/home/roni/images/snap-a4b5f6d4-6b74-483d-900e-922e67df203a-6.jpg','clear sky','Ferrari 401, C1414EGE CABA, Argentina'
2023-09-04 10:57:58.434631,-34.605144,-58.4411577,-34.6048654,-58.44070139999999,46,'/home/roni/images/route-a4b5f6d4-6b74-483d-900e-922e67df203a-7.jpg','/home/roni/images/snap-a4b5f6d4-6b74-483d-900e-922e67df203a-7.jpg','clear sky','Ferrari 371, C1414 Villa Crespo, Buenos Aires, Argentina'
2023-09-04 11:25:47.707667,-34.6048654,-58.44070139999999,-34.6045308,-58.4401658,72,'/home/roni/images/route-771da289-1992-4ee4-88e2-b3f9c9297d2c-1.jpg','/home/roni/images/snap-771da289-1992-4ee4-88e2-b3f9c9297d2c-1.jpg','clear sky','Ferrari 301, C1414EGC Villa Crespo, Buenos Aires, Argentina','
2023-09-04 11:41:08.295903,-34.6168782,-58.4241811,-34.6166837,-58.42153210000001,239,'/home/roni/images/route-d8eb7292-390e-405f-91f6-3f6f0f86ac64-1.jpg','/home/roni/images/snap-d8eb7292-390e-405f-91f6-3f6f0f86ac64-1.jpg','clear sky','Yapeyú 396, C1202ACH CABA, Argentina'
2023-09-04 11:41:30.643775,-34.6166837,-58.42153210000001,-34.6147589,-58.4215562,229,'/home/roni/images/route-d8eb7292-390e-405f-91f6-3f6f0f86ac64-2.jpg','/home/roni/images/snap-d8eb7292-390e-405f-91f6-3f6f0f86ac64-2.jpg','clear sky','Av. Hipólito Yrigoyen 3900, C1208ABS CABA, Argentina'
2023-09-04 11:41:52.603375,-34.6147589,-58.4215562,-34.6115039,-58.4087117,1241,'/home/roni/images/route-d8eb7292-390e-405f-91f6-3f6f0f86ac64-3.jpg','/home/roni/images/snap-d8eb7292-390e-405f-91f6-3f6f0f86ac64-3.jpg','clear sky','La Rioja 100, C1214ADD CABA, Argentina'
2023-09-04 11:42:14.386900,-34.6115039,-58.4087117,-34.6104185,-58.408817,127,'/home/roni/images/route-d8eb7292-390e-405f-91f6-3f6f0f86ac64-4.jpg','/home/roni/images/snap-d8eb7292-390e-405f-91f6-3f6f0f86ac64-4.jpg','clear sky','Av. Rivadavia 3000, C1203AAO CABA, Argentina'
2023-09-04 11:42:36.438075,-34.6104185,-58.408817,-34.609902,-58.4041866,430,'/home/roni/images/route-d8eb7292-390e-405f-91f6-3f6f0f86ac64-5.jpg','/home/roni/images/snap-d8eb7292-390e-405f-91f6-3f6f0f86ac64-5.jpg','clear sky','Av. Rivadavia 2665, C1031 CABA, Argentina'
2023-09-04 11:53:54.481965,-34.609902,-58.4041866,-34.609404,-58.39635159999999,725,'/home/roni/images/route-f73a35dd-6860-4115-a3a8-ca28aa516c99-1.jpg','/home/roni/images/snap-f73a35dd-6860-4115-a3a8-ca28aa516c99-1.jpg','clear sky','Junín 8, C1026ABB CABA, Argentina'
2023-09-04 11:54:16.470691,-34.609404,-58.39635159999999,-34.6070766,-58.39654460000001,260,'/home/roni/images/route-f73a35dd-6860-4115-a3a8-ca28aa516c99-2.jpg','/home/roni/images/snap-f73a35dd-6860-4115-a3a8-ca28aa516c99-2.jpg','clear sky','Junín 202, C1026ABF CABA, Argentina'
2023-09-04 11:54:38.214456,-34.6070766,-58.39654460000001,-34.6063041,-58.38505800000001,1053,'/home/roni/images/route-f73a35dd-6860-4115-a3a8-ca28aa516c99-3.jpg','/home/roni/images/snap-f73a35dd-6860-4115-a3a8-ca28aa516c99-3.jpg','clear sky','Talcahuano 214 piso 2 departamento 5, C1013 CABA, Argentina'
2023-09-04 11:54:59.906507,-34.6063041,-58.38505800000001,-34.60008200000001,-58.38543999999999,697,'/home/roni/images/route-f73a35dd-6860-4115-a3a8-ca28aa516c99-4.jpg','/home/roni/images/snap-f73a35dd-6860-4115-a3a8-ca28aa516c99-4.jpg','light rain','Talcahuano 742, C1013 San Nicolas, Buenos Aires, Argentina'
2023-09-04 11:58:41.524599,-34.60008200000001,-58.38543999999999,-34.6086589,-58.3849175,960,'/home/roni/images/route-7f3fe721-4b45-4be4-b81b-fa3cae890e56-1.jpg','/home/roni/images/snap-7f3fe721-4b45-4be4-b81b-fa3cae890e56-1.jpg','light rain','Av. Rivadavia 01301, C1033AAD CABA, Argentina'
2023-09-04 11:59:03.294250,-34.6086589,-58.3849175,-34.6090166,-58.3892894,398,'/home/roni/images/route-7f3fe721-4b45-4be4-b81b-fa3cae890e56-2.jpg','/home/roni/images/snap-7f3fe721-4b45-4be4-b81b-fa3cae890e56-2.jpg','light rain','Av. Rivadavia 1599, C1033 AAF, Buenos Aires, Argentina'
2023-09-04 11:59:25.495947,-34.6090166,-58.3892894,-34.6167775,-58.3891348,850,'/home/roni/images/route-7f3fe721-4b45-4be4-b81b-fa3cae890e56-3.jpg','/home/roni/images/snap-7f3fe721-4b45-4be4-b81b-fa3cae890e56-3.jpg','light rain','Chile 1602, C1100AAD CABA, Argentina'
2023-09-04 11:59:47.954846,-34.6167775,-58.3891348,-34.6169843,-58.39256649999999,321,'/home/roni/images/route-7f3fe721-4b45-4be4-b81b-fa3cae890e56-4.jpg','/home/roni/images/snap-7f3fe721-4b45-4be4-b81b-fa3cae890e56-4.jpg','light rain','Chile 1848, C1227AAB CABA, Argentina'
2023-09-04 12:04:24.052091,-34.6169843,-58.39256649999999,-34.6170304,-58.3932702,60,'/home/roni/images/route-ff6cc7cd-29c2-49de-a145-f0fffe77a43d-1.jpg','/home/roni/images/snap-ff6cc7cd-29c2-49de-a145-f0fffe77a43d-1.jpg','light rain','Chile 1902, C1227AAD CABA, Argentina'
2023-09-04 12:04:46.481760,-34.6170304,-58.3932702,-34.6252523,-58.39262719999999,928,'/home/roni/images/route-ff6cc7cd-29c2-49de-a145-f0fffe77a43d-2.jpg','/home/roni/images/snap-ff6cc7cd-29c2-49de-a145-f0fffe77a43d-2.jpg','overcast clouds','Constitución 1901, C1254 San Cristobal, Buenos Aires, Argentina'
2023-09-04 12:05:14.178878,-34.6252523,-58.39262719999999,-34.626679,-58.4038549,1056,'/home/roni/images/route-ff6cc7cd-29c2-49de-a145-f0fffe77a43d-3.jpg','/home/roni/images/snap-ff6cc7cd-29c2-49de-a145-f0fffe77a43d-3.jpg','overcast clouds','Constitución 2799, C1254 San Cristobal, Buenos Aires, Argentina'
2023-09-04 12:05:36.931235,-34.626679,-58.4038549,-34.6274525,-58.4037472,60,'/home/roni/images/route-ff6cc7cd-29c2-49de-a145-f0fffe77a43d-4.jpg','/home/roni/images/snap-ff6cc7cd-29c2-49de-a145-f0fffe77a43d-4.jpg','overcast clouds','Esteban de Luca 1476, C1246 CABA, Argentina'
2023-09-04 12:06:05.966936,-34.6274525,-58.4037472,-34.628667,-58.4048848,168,'/home/roni/images/route-ff6cc7cd-29c2-49de-a145-f0fffe77a43d-5.jpg','/home/roni/images/snap-ff6cc7cd-29c2-49de-a145-f0fffe77a43d-5.jpg','overcast clouds','Av. Chiclana 2882, C1244 CABA, Argentina'
2023-09-04 12:06:30.842890,-34.628667,-58.4048848,-34.6303795,-58.406312,243,'/home/roni/images/route-ff6cc7cd-29c2-49de-a145-f0fffe77a43d-6.jpg','/home/roni/images/snap-ff6cc7cd-29c2-49de-a145-f0fffe77a43d-6.jpg','overcast clouds','Av. Chiclana 3000, C1244 CABA, Argentina'
2023-09-04 12:06:55.448538,-34.6303795,-58.406312,-34.6309572,-58.4062631,67,'/home/roni/images/route-ff6cc7cd-29c2-49de-a145-f0fffe77a43d-7.jpg','/home/roni/images/snap-ff6cc7cd-29c2-49de-a145-f0fffe77a43d-7.jpg','overcast clouds','La Rioja 1746, C1244 CABA, Argentina'
2023-09-04 13:48:10.945001,-34.6309572,-58.4062631,-34.6305579,-58.4064768,67,'/home/roni/images/route-849ff107-ec28-4bda-9885-965265fdaa0f-1.jpg','/home/roni/images/snap-849ff107-ec28-4bda-9885-965265fdaa0f-1.jpg','clear sky','b'1722 la Rioja, C1244 CABA, Argentina''
2023-09-04 13:48:36.087377,-34.6305579,-58.4064768,-34.6302539,-58.4065647,11,'/home/roni/images/route-849ff107-ec28-4bda-9885-965265fdaa0f-2.jpg','/home/roni/images/snap-849ff107-ec28-4bda-9885-965265fdaa0f-2.jpg','clear sky','b'Av. Chiclana 3007, C1259 CABA, Argentina''
2023-09-04 13:49:14.557254,-34.6302539,-58.4065647,-34.6281884,-58.4067039,246,'/home/roni/images/route-849ff107-ec28-4bda-9885-965265fdaa0f-3.jpg','/home/roni/images/snap-849ff107-ec28-4bda-9885-965265fdaa0f-3.jpg','clear sky','b'La Rioja 1501, C1244 CABA, Argentina''
2023-09-04 13:49:40.993219,-34.6281884,-58.4067039,-34.6281962,-58.4069005,12,'/home/roni/images/route-849ff107-ec28-4bda-9885-965265fdaa0f-4.jpg','/home/roni/images/snap-849ff107-ec28-4bda-9885-965265fdaa0f-4.jpg','clear sky','b'Av. Pavon 3002, C1256AAO San Cristobal, Buenos Aires, Argentina''
2023-09-04 13:50:06.376261,-34.6281962,-58.4069005,-34.6250043,-58.41027880000001,483,'/home/roni/images/route-849ff107-ec28-4bda-9885-965265fdaa0f-5.jpg','/home/roni/images/snap-849ff107-ec28-4bda-9885-965265fdaa0f-5.jpg','clear sky','b'Oruro 1204, C1243 CABA, Argentina''
2023-09-04 13:50:31.473966,-34.6250043,-58.41027880000001,-34.6154513,-58.4110932,1065,'/home/roni/images/route-849ff107-ec28-4bda-9885-965265fdaa0f-6.jpg','/home/roni/images/snap-849ff107-ec28-4bda-9885-965265fdaa0f-6.jpg','clear sky','b'24 de Noviembre 400, C1209 CABA, Argentina''
2023-09-04 13:50:56.819898,-34.6154513,-58.4110932,-34.6158488,-58.4181688,641,'/home/roni/images/route-849ff107-ec28-4bda-9885-965265fdaa0f-7.jpg','/home/roni/images/snap-849ff107-ec28-4bda-9885-965265fdaa0f-7.jpg','clear sky','b'Av. Belgrano 3700, C1210AAR CABA, Argentina''
2023-09-04 13:58:14.854191,-34.6158488,-58.4181688,-34.6158241,-58.4215373,312,'/home/roni/images/route-af57941c-1e4a-43c4-b860-076f18100477-1.jpg','/home/roni/images/snap-af57941c-1e4a-43c4-b860-076f18100477-1.jpg','clear sky','Av. Belgrano 3900, C1210AAT CABA, Argentina'
2023-09-04 13:58:54.190260,-34.6158241,-58.4215373,-34.6188348,-58.42148350000001,347,'/home/roni/images/route-af57941c-1e4a-43c4-b860-076f18100477-2.jpg','/home/roni/images/snap-af57941c-1e4a-43c4-b860-076f18100477-2.jpg','clear sky','Yapeyú 595, C1216ABA CABA, Argentina'
2023-09-04 14:00:30.414943,-34.6188348,-58.42148350000001,-34.6193289,-58.4282535,624,'/home/roni/images/route-af57941c-1e4a-43c4-b860-076f18100477-3.jpg','/home/roni/images/snap-af57941c-1e4a-43c4-b860-076f18100477-3.jpg','clear sky','Av. La Plata 400, C1235ABO CABA, Argentina'
2023-09-04 14:01:07.350365,-34.6193289,-58.4282535,-34.6216887,-58.439111,1032,'/home/roni/images/route-af57941c-1e4a-43c4-b860-076f18100477-4.jpg','/home/roni/images/snap-af57941c-1e4a-43c4-b860-076f18100477-4.jpg','clear sky','Guayaquil 777, C1424 CABA, Argentina'
2023-09-04 14:01:44.777232,-34.6216887,-58.439111,-34.622358,-58.43893670000001,74,'/home/roni/images/route-af57941c-1e4a-43c4-b860-076f18100477-5.jpg','/home/roni/images/snap-af57941c-1e4a-43c4-b860-076f18100477-5.jpg','clear sky','Bertres 352, C1424AKD CABA, Argentina'
2023-09-04 14:35:35.446556,-34.622358,-58.43893670000001,-34.6229377,-58.43871309999999,80,'/home/roni/images/route-886967fd-1b18-497e-b46f-bcc221007fa5-1.jpg','/home/roni/images/snap-886967fd-1b18-497e-b46f-bcc221007fa5-1.jpg','clear sky','Formosa 789, C1424BZO CABA, Argentina'
2023-09-04 14:35:58.546570,-34.6229377,-58.43871309999999,-34.62267,-58.4306828,740,'/home/roni/images/route-886967fd-1b18-497e-b46f-bcc221007fa5-2.jpg','/home/roni/images/snap-886967fd-1b18-497e-b46f-bcc221007fa5-2.jpg','clear sky','Doblas 510, C1424 CABA, Argentina'
2023-09-04 14:36:22.631273,-34.62267,-58.4306828,-34.6314672,-58.42845539999999,1025,'/home/roni/images/route-886967fd-1b18-497e-b46f-bcc221007fa5-3.jpg','/home/roni/images/snap-886967fd-1b18-497e-b46f-bcc221007fa5-3.jpg','clear sky','Parque Chacabuco, Av. Asamblea 199, C1424COB CABA, Argentina'
2023-09-04 14:36:47.995024,-34.6314672,-58.42845539999999,-34.6313996,-58.4259297,252,'/home/roni/images/route-886967fd-1b18-497e-b46f-bcc221007fa5-4.jpg','/home/roni/images/snap-886967fd-1b18-497e-b46f-bcc221007fa5-4.jpg','clear sky','Av. Asamblea 19, C1424COA CABA, Argentina'
2023-09-04 14:37:16.599263,-34.6313996,-58.4259297,-34.6337256,-58.4250371,252,'/home/roni/images/route-886967fd-1b18-497e-b46f-bcc221007fa5-5.jpg','/home/roni/images/snap-886967fd-1b18-497e-b46f-bcc221007fa5-5.jpg','clear sky','Inclán 4400, C1250 CABA, Argentina'
2023-09-04 14:37:42.558444,-34.6337256,-58.4250371,-34.6334068,-58.42171440000001,314,'/home/roni/images/route-886967fd-1b18-497e-b46f-bcc221007fa5-6.jpg','/home/roni/images/snap-886967fd-1b18-497e-b46f-bcc221007fa5-6.jpg','clear sky','Inclán 4124, C1258ABL CABA, Argentina'
2023-09-04 14:41:44.282098,-34.6334068,-58.42171440000001,-34.6334835,-58.42246280000001,75,'/home/roni/images/route-94073db3-728e-4c36-b179-2342cc0782b0-1.jpg','/home/roni/images/snap-94073db3-728e-4c36-b179-2342cc0782b0-1.jpg','clear sky','José Mármol 1700, C1255ABN CABA, Argentina'
2023-09-04 14:42:11.339476,-34.6334835,-58.42246280000001,-34.6398741,-58.4209735,719,'/home/roni/images/route-94073db3-728e-4c36-b179-2342cc0782b0-2.jpg','/home/roni/images/snap-94073db3-728e-4c36-b179-2342cc0782b0-2.jpg','clear sky','Comuna 4, Av. Caseros 4006, C1263AAW CABA, Argentina'
2023-09-04 14:42:41.831612,-34.6398741,-58.4209735,-34.6409396,-58.42064469999999,140,'/home/roni/images/route-94073db3-728e-4c36-b179-2342cc0782b0-3.jpg','/home/roni/images/snap-94073db3-728e-4c36-b179-2342cc0782b0-3.jpg','clear sky','Comuna 4, Pirovano 111, C1437 CABA, Argentina'
2023-09-04 14:43:17.415023,-34.6409396,-58.42064469999999,-34.6428058,-58.422978,289,'/home/roni/images/route-94073db3-728e-4c36-b179-2342cc0782b0-4.jpg','/home/roni/images/snap-94073db3-728e-4c36-b179-2342cc0782b0-4.jpg','clear sky','Comuna 4, Av. Gral. Francisco Fernández de la Cruz 809, C1437GYA CABA, Argentina'
2023-09-04 14:43:47.662735,-34.6428058,-58.422978,-34.6447299,-58.42552869999999,327,'/home/roni/images/route-94073db3-728e-4c36-b179-2342cc0782b0-5.jpg','/home/roni/images/snap-94073db3-728e-4c36-b179-2342cc0782b0-5.jpg','clear sky','Comuna 4, Av. Gral. Francisco Fernández de la Cruz 1081, C1437 CABA, Argentina'
2023-09-04 14:44:20.625196,-34.6447299,-58.42552869999999,-34.6449594,-58.4303021,458,'/home/roni/images/route-94073db3-728e-4c36-b179-2342cc0782b0-6.jpg','/home/roni/images/snap-94073db3-728e-4c36-b179-2342cc0782b0-6.jpg','clear sky','Comuna 4, Av. Riestra 1495, C1437 CABA, Argentina'
2023-09-04 14:44:55.735649,-34.6449594,-58.4303021,-34.6485952,-58.43391279999999,513,'/home/roni/images/route-94073db3-728e-4c36-b179-2342cc0782b0-7.jpg','/home/roni/images/snap-94073db3-728e-4c36-b179-2342cc0782b0-7.jpg','clear sky','Crespo 85, C1437 CABA, Argentina'
2023-09-04 14:45:32.871849,-34.6485952,-58.43391279999999,-34.648235,-58.43436629999999,63,'/home/roni/images/route-94073db3-728e-4c36-b179-2342cc0782b0-8.jpg','/home/roni/images/snap-94073db3-728e-4c36-b179-2342cc0782b0-8.jpg','clear sky','Crespo 117, C1437 CABA, Argentina'
2023-09-04 15:34:39.879203,-34.648235,-58.43436629999999,-34.6486601,-58.4338237,63,'/home/roni/images/route-6276986e-f2ce-42c5-8e7d-f9e7f736dcdd-1.jpg','/home/roni/images/snap-6276986e-f2ce-42c5-8e7d-f9e7f736dcdd-1.jpg','overcast clouds','Crespo 85, C1437 CABA, Argentina'
2023-09-04 15:35:22.956535,-34.6486601,-58.4338237,-34.6478956,-58.43287350000001,122,'/home/roni/images/route-6276986e-f2ce-42c5-8e7d-f9e7f736dcdd-2.jpg','/home/roni/images/snap-6276986e-f2ce-42c5-8e7d-f9e7f736dcdd-2.jpg','overcast clouds','Agustín de Vedia 2500, C1437 CABA, Argentina'
2023-09-04 15:36:06.094266,-34.6478956,-58.43287350000001,-34.6501866,-58.42990569999999,387,'/home/roni/images/route-6276986e-f2ce-42c5-8e7d-f9e7f736dcdd-3.jpg','/home/roni/images/snap-6276986e-f2ce-42c5-8e7d-f9e7f736dcdd-3.jpg','overcast clouds','Comuna 4, Agustín de Vedia 2752, C1437 CABA, Argentina'
2023-09-04 15:36:41.801448,-34.6501866,-58.42990569999999,-34.6492593,-58.40881369999999,1941,'/home/roni/images/route-6276986e-f2ce-42c5-8e7d-f9e7f736dcdd-4.jpg','/home/roni/images/snap-6276986e-f2ce-42c5-8e7d-f9e7f736dcdd-4.jpg','overcast clouds','Pepirí 969, C1437 CABA, Argentina'
2023-09-04 15:37:15.081298,-34.6492593,-58.40881369999999,-34.6495252,-58.408714,7,'/home/roni/images/route-6276986e-f2ce-42c5-8e7d-f9e7f736dcdd-5.jpg','/home/roni/images/snap-6276986e-f2ce-42c5-8e7d-f9e7f736dcdd-5.jpg','overcast clouds','Comuna 4, Pepirí 999, C1437 CABA, Argentina'
2023-09-04 15:37:53.919202,-34.6495252,-58.408714,-34.6505005,-58.40502299999999,367,'/home/roni/images/route-6276986e-f2ce-42c5-8e7d-f9e7f736dcdd-6.jpg','/home/roni/images/snap-6276986e-f2ce-42c5-8e7d-f9e7f736dcdd-6.jpg','overcast clouds','Comuna 4, Av. Amancio Alcorta 3202, C1437HUP CABA, Argentina'
2023-09-04 15:38:53.312461,-34.6505005,-58.40502299999999,-34.65127,-58.389544,1441,'/home/roni/images/route-6276986e-f2ce-42c5-8e7d-f9e7f736dcdd-7.jpg','/home/roni/images/snap-6276986e-f2ce-42c5-8e7d-f9e7f736dcdd-7.jpg','overcast clouds','3026 Iriarte Gral. Av., Buenos Aires, Argentina'
2023-09-04 17:04:32.102390,-38.08579659999999,-57.5467083,-38.0875955,-57.5488405,274,'/home/roni/images/route-b4a41911-d872-4eec-b097-a8a2b0678513-1.jpg','/home/roni/images/snap-b4a41911-d872-4eec-b097-a8a2b0678513-1.jpg','overcast clouds','Diagonal Vélez Sarsfield S/N, Mar del Plata, Provincia de Buenos Aires, Argentina'
2023-09-04 17:04:59.676439,-38.0875955,-57.5488405,-38.0918891,-57.5485665,478,'/home/roni/images/route-b4a41911-d872-4eec-b097-a8a2b0678513-2.jpg','/home/roni/images/snap-b4a41911-d872-4eec-b097-a8a2b0678513-2.jpg','overcast clouds','RP11 4151, Mar del Plata, Provincia de Buenos Aires, Argentina'
2023-09-04 17:05:24.326285,-38.0918891,-57.5485665,-38.0963538,-57.55579820000001,805,'/home/roni/images/route-b4a41911-d872-4eec-b097-a8a2b0678513-3.jpg','/home/roni/images/snap-b4a41911-d872-4eec-b097-a8a2b0678513-3.jpg','overcast clouds','Corbeta Uruguay 4488, Mar del Plata, Provincia de Buenos Aires, Argentina'
2023-09-04 17:05:49.595766,-38.0963538,-57.55579820000001,-38.0963094,-57.5558397,6,'/home/roni/images/route-b4a41911-d872-4eec-b097-a8a2b0678513-4.jpg','/home/roni/images/snap-b4a41911-d872-4eec-b097-a8a2b0678513-4.jpg','overcast clouds','Corbeta Uruguay 4488, Mar del Plata, Provincia de Buenos Aires, Argentina'
2023-09-04 17:06:14.877740,-38.0963094,-57.5558397,-38.0965767,-57.5561459,45,'/home/roni/images/route-b4a41911-d872-4eec-b097-a8a2b0678513-5.jpg','/home/roni/images/snap-b4a41911-d872-4eec-b097-a8a2b0678513-5.jpg','overcast clouds','Corbeta Uruguay 4524, Mar del Plata, Provincia de Buenos Aires, Argentina'
2023-09-04 17:06:40.281200,-38.0965767,-57.5561459,-38.0996223,-57.5612501,561,'/home/roni/images/route-b4a41911-d872-4eec-b097-a8a2b0678513-6.jpg','/home/roni/images/snap-b4a41911-d872-4eec-b097-a8a2b0678513-6.jpg','overcast clouds','Cnel. de Marina David Jewett 4865, Mar del Plata, Provincia de Buenos Aires, Argentina'
2023-09-04 17:17:06.996402,-34.5885304,-58.430568,-34.588138,-58.43116669999999,74,'/home/roni/images/route-2da7980a-55c2-4868-975e-4eb7eb9e836d-1.jpg','/home/roni/images/snap-2da7980a-55c2-4868-975e-4eb7eb9e836d-1.jpg','clear sky','Honduras 5098, C1414BMR CABA, Argentina'
2023-09-04 17:17:33.286393,-34.588138,-58.43116669999999,-34.59559730000001,-58.44359859999999,1401,'/home/roni/images/route-2da7980a-55c2-4868-975e-4eb7eb9e836d-2.jpg','/home/roni/images/snap-2da7980a-55c2-4868-975e-4eb7eb9e836d-2.jpg','clear sky','Av. Corrientes 5690, C1414AJW CABA, Argentina'
2023-09-04 17:18:00.325170,-34.59559730000001,-58.44359859999999,-34.5947665,-58.4445608,116,'/home/roni/images/route-2da7980a-55c2-4868-975e-4eb7eb9e836d-3.jpg','/home/roni/images/snap-2da7980a-55c2-4868-975e-4eb7eb9e836d-3.jpg','clear sky','Av. Juan Bautista Justo 2618, C1414CXC CABA, Argentina'
2023-09-04 17:18:27.572801,-34.5947665,-58.4445608,-34.5977431,-58.44885189999999,538,'/home/roni/images/route-2da7980a-55c2-4868-975e-4eb7eb9e836d-4.jpg','/home/roni/images/snap-2da7980a-55c2-4868-975e-4eb7eb9e836d-4.jpg','clear sky','Muñecas 1107, Villa Crespo, Buenos Aires, Argentina'
2023-09-04 17:18:54.422357,-34.5977431,-58.44885189999999,-34.5957692,-58.4509556,295,'/home/roni/images/route-2da7980a-55c2-4868-975e-4eb7eb9e836d-5.jpg','/home/roni/images/snap-2da7980a-55c2-4868-975e-4eb7eb9e836d-5.jpg','clear sky','Muñecas 1403, Buenos Aires, Argentina'
2023-09-04 17:19:21.934297,-34.5957692,-58.4509556,-34.5955761,-58.4506968,40,'/home/roni/images/route-2da7980a-55c2-4868-975e-4eb7eb9e836d-6.jpg','/home/roni/images/snap-2da7980a-55c2-4868-975e-4eb7eb9e836d-6.jpg','clear sky','Fitz Roy 348, C1414 Villa Crespo, Buenos Aires, Argentina'
2023-09-04 17:22:36.843680,-34.5955761,-58.4506968,-34.59831,-58.4543543,440,'/home/roni/images/route-97b424c1-0e3f-4866-9600-5eb073e55288-1.jpg','/home/roni/images/snap-97b424c1-0e3f-4866-9600-5eb073e55288-1.jpg','clear sky','Av. Warnes 1300, C1416 CABA, Argentina'
2023-09-04 17:23:45.293186,-34.59831,-58.4543543,-34.6000901,-58.4567939,319,'/home/roni/images/route-97b424c1-0e3f-4866-9600-5eb073e55288-2.jpg','/home/roni/images/snap-97b424c1-0e3f-4866-9600-5eb073e55288-2.jpg','clear sky','Casafoust 800, C1416EEF CABA, Argentina'
2023-09-04 17:24:10.050639,-34.6000901,-58.4567939,-34.6000122,-58.45703220000001,18,'/home/roni/images/route-97b424c1-0e3f-4866-9600-5eb073e55288-3.jpg','/home/roni/images/snap-97b424c1-0e3f-4866-9600-5eb073e55288-3.jpg','clear sky','Paysandú 2182, C1416 CABA, Argentina'
2023-09-04 17:24:34.022635,-34.6000122,-58.45703220000001,-34.6042502,-58.45888969999999,514,'/home/roni/images/route-97b424c1-0e3f-4866-9600-5eb073e55288-4.jpg','/home/roni/images/snap-97b424c1-0e3f-4866-9600-5eb073e55288-4.jpg','clear sky','Av. S. Martín 2215, C1416 CABA, Argentina'
2023-09-04 17:24:58.107455,-34.6042502,-58.45888969999999,-34.6033435,-58.46246970000001,319,'/home/roni/images/route-97b424c1-0e3f-4866-9600-5eb073e55288-5.jpg','/home/roni/images/snap-97b424c1-0e3f-4866-9600-5eb073e55288-5.jpg','clear sky','Av. S. Martín 2571, C1416 CABA, Argentina'
2023-09-04 17:25:22.036185,-34.6033435,-58.46246970000001,-34.60605,-58.4681825,613,'/home/roni/images/route-97b424c1-0e3f-4866-9600-5eb073e55288-6.jpg','/home/roni/images/snap-97b424c1-0e3f-4866-9600-5eb073e55288-6.jpg','clear sky','Comuna 11, Terrero 2004, C1416BMT CABA, Argentina'
2023-09-04 17:25:48.863600,-34.60605,-58.4681825,-34.6055161,-58.4685859,79,'/home/roni/images/route-97b424c1-0e3f-4866-9600-5eb073e55288-7.jpg','/home/roni/images/snap-97b424c1-0e3f-4866-9600-5eb073e55288-7.jpg','clear sky','Terrero 2056, C1416BMT CABA, Argentina'
2023-09-04 17:33:04.282485,-34.6055161,-58.46858599999999,-34.6098371,-58.4653439,550,'/home/roni/images/route-57aefec6-9d73-4419-b684-5f755b191e21-1.jpg','/home/roni/images/snap-57aefec6-9d73-4419-b684-5f755b191e21-1.jpg','clear sky','Av. Juan Bautista Justo 4702, Buenos Aires, Argentina'
2023-09-04 17:33:27.421127,-34.6098371,-58.4653439,-34.6207595,-58.479339,1815,'/home/roni/images/route-57aefec6-9d73-4419-b684-5f755b191e21-2.jpg','/home/roni/images/snap-57aefec6-9d73-4419-b684-5f755b191e21-2.jpg','clear sky','Av. Juan Bautista Justo 5998, C1416DLN CABA, Argentina'
2023-09-04 17:33:54.036640,-34.6207595,-58.479339,-34.6216099,-58.4786345,120,'/home/roni/images/route-57aefec6-9d73-4419-b684-5f755b191e21-3.jpg','/home/roni/images/snap-57aefec6-9d73-4419-b684-5f755b191e21-3.jpg','clear sky','Comuna 11, Cuenca 987, C1416BCA CABA, Argentina'
2023-09-04 18:13:53.609163,-34.6216099,-58.4786345,-34.6207595,-58.479339,120,'/home/roni/images/route-ac1a7f54-7888-4a75-ba0b-cd6306985944-1.jpg','/home/roni/images/snap-ac1a7f54-7888-4a75-ba0b-cd6306985944-1.jpg','clear sky','Av. Juan Bautista Justo 5998, C1416DLN CABA, Argentina'
2023-09-04 18:14:16.341911,-34.6207595,-58.479339,-34.6131194,-58.47106360000001,1155,'/home/roni/images/route-ac1a7f54-7888-4a75-ba0b-cd6306985944-2.jpg','/home/roni/images/snap-ac1a7f54-7888-4a75-ba0b-cd6306985944-2.jpg','clear sky','Av. Juan Bautista Justo 5198, C1416DKT CABA, Argentina'
2023-09-04 18:14:38.909236,-34.6131194,-58.47106360000001,-34.603939,-58.4782181,1202,'/home/roni/images/route-ac1a7f54-7888-4a75-ba0b-cd6306985944-3.jpg','/home/roni/images/snap-ac1a7f54-7888-4a75-ba0b-cd6306985944-3.jpg','clear sky','Comuna 11, Alfredo R. Bufano 2575, Buenos Aires, Argentina'
2023-09-04 18:15:02.083834,-34.603939,-58.4782181,-34.6037122,-58.47780830000001,51,'/home/roni/images/route-ac1a7f54-7888-4a75-ba0b-cd6306985944-4.jpg','/home/roni/images/snap-ac1a7f54-7888-4a75-ba0b-cd6306985944-4.jpg','clear sky','Comuna 11, Belgica 2369, C1417 CABA, Argentina'
2023-09-04 18:16:12.885195,-34.6037122,-58.47780830000001,-34.603939,-58.4782181,51,'/home/roni/images/route-d7faddc5-e662-422a-af23-84bdd279cfa6-1.jpg','/home/roni/images/snap-d7faddc5-e662-422a-af23-84bdd279cfa6-1.jpg','clear sky','Comuna 11, Alfredo R. Bufano 2575, Buenos Aires, Argentina'
2023-09-04 18:16:40.605040,-34.603939,-58.4782181,-34.618984,-58.4670104,1956,'/home/roni/images/route-d7faddc5-e662-422a-af23-84bdd279cfa6-2.jpg','/home/roni/images/snap-d7faddc5-e662-422a-af23-84bdd279cfa6-2.jpg','clear sky','Alfredo R. Bufano 987, C1406AXE CABA, Argentina'
2023-09-04 18:17:02.844497,-34.618984,-58.4670104,-34.6187179,-58.46638040000001,74,'/home/roni/images/route-d7faddc5-e662-422a-af23-84bdd279cfa6-3.jpg','/home/roni/images/snap-d7faddc5-e662-422a-af23-84bdd279cfa6-3.jpg','clear sky','Neuquén 2336, C1406FOR CABA, Argentina'
2023-09-04 18:20:50.002431,-34.6187179,-58.46638040000001,-34.6217505,-58.4756182,905,'/home/roni/images/route-53fe10fc-bdc0-41bc-9eff-09175f7b6269-1.jpg','/home/roni/images/snap-53fe10fc-bdc0-41bc-9eff-09175f7b6269-1.jpg','clear sky','Argerich 1004, C1406 CABA, Argentina'
2023-09-04 18:21:11.744682,-34.6217505,-58.4756182,-34.6214147,-58.47574400000001,46,'/home/roni/images/route-53fe10fc-bdc0-41bc-9eff-09175f7b6269-2.jpg','/home/roni/images/snap-53fe10fc-bdc0-41bc-9eff-09175f7b6269-2.jpg','clear sky','Av. Gaona 3627, Buenos Aires, Argentina'
2023-09-04 18:21:34.250243,-34.6214147,-58.47574400000001,-34.6246711,-58.4826476,744,'/home/roni/images/route-53fe10fc-bdc0-41bc-9eff-09175f7b6269-3.jpg','/home/roni/images/snap-53fe10fc-bdc0-41bc-9eff-09175f7b6269-3.jpg','clear sky','Av. Gaona 4200, C1407 CABA, Argentina'
2023-09-04 18:21:56.546926,-34.6246711,-58.4826476,-34.6202484,-58.4881123,689,'/home/roni/images/route-53fe10fc-bdc0-41bc-9eff-09175f7b6269-4.jpg','/home/roni/images/snap-53fe10fc-bdc0-41bc-9eff-09175f7b6269-4.jpg','clear sky','Comuna 11, Joaquín V. González 1383, C1407CZY CABA, Argentina'
